sku;nama_produk;gambar;barcode;sni
AECK-0101;Cempal Kotak White Beige - Asta;;;?
AECO-0101;Cempal Oval Flower Green - Asta;;;?
AECO-0102;Cempal Oval White Beige - Asta;;;?
AECO-0103;Cempal Oval Peach - Asta;;;?
AECO-0104;Cempal Oval Flower Blue - Asta;;;?
AECO-0105;Cempal Oval Flower Purple - Asta;;;?
AECO-0106;Cempal Oval Flower Purple- Asta;;;?
AECO-0201;Cempal Oval Flower Blue in Pink Lining - Asta;;;?
"AECO- 0201+AEHG-
0201";"Sarung Tangan 0201 + Cempal
0201";;;?
AECO-0202;Cempal Oval Flower Pink in Mint Lining - Asta;;;?
"AECO- 0202+AEHG-
0202";"Sarung Tangan 0202 + Cempal
0202";;;?
AECO-0203;Cempal Oval Flower Purple in Mint Lining  - Asta;;;?
AECO-0301;Cempal Sarung Oval Flower Green in Green Lining - Asta;;;?
AECO-0302;Cempal Sarung Oval Flower Pink in Mint Lining - Asta;;;?
AECO-0303;Cempal Sarung Oval Flower Purple in Pink Lining - Asta;;;?
AECO-0304;Cempal Sarung Oval Flower Purple in Purple Lining - Asta;;;?
AECO-0305;Cempal Sarung Oval Flower Blue in Pink Lining - Asta;;;?
AECO-0306;Cempal Sarung Oval Flower Pink ini Green Lining - Asta;;;?
AECO-0307;Cempal Sarung Oval Flower Red in Red Lining - Asta;;;?
AEHG-0101;Sarung Tangan Flower Purple - Asta;;;?
AEHG-0102;Sarung Tangan Flower Blue - Asta;;;?
AEHG-0103;arung Tangan Flower Purple 2 - Ast;;;?
AEHG-0201;Sarung Tangan Flower Blue in Pink lining - Asta;;;?
AEHG-0202;Sarung Tangan Flower Pink in Mint lining - Asta;;;?
AEHG-0203;Sarung Tangan Flower Purple in Mint lining - Asta;;;?
AEHG-0301;Sarung Tangan Oven Panjang Flower Green in Green lining - Asta;;;?
AEHG-0302;Sarung Tangan Oven Panjang Flower Purple in Pink lining - Asta;;;?
AEHG-0303;Sarung Tangan Oven Panjang Flower Purple in Purple lining - Asta;;;?
AEHG-0304;Sarung Tangan Oven Panjang Flower Pink in Green lining - Asta;;;?
AEHG-0305;Sarung Tangan Oven Panjang Flower Red in Red lining - Asta;;;?
AEKA-0201;Kitchen Apron Garis Biru - Asta;;;?
AEKA-0202;Kitchen Apron Kotak Hijau - Asta;;;?
AEKA-0203;Kitchen Apron Lemon - Asta;;;?
AEKA-0601;Kitchen Apron Ruffle Beige - Asta;;;?
AEKA-0602;Kitchen Apron Ruffle Pink- Asta;;;?
AEKA-0603;Kitchen Apron Ruffle Navy - Asta;;;?
AEKA-0604;Kitchen Apron Ruffle  Mint- Asta;;;?
AKFP-01;Panci Penggorengan Premium CS Koch Fry Pan 24 cm;;;
AKWO-01;Panci Wok Premium + Tutup Kaca CS Koch Wok 32 cm;;;
ANCA-01;Panci Casserole Premium Neoflam Casserole 24 cm;;;
ASAP-16;Ambrosia Panci Susu Milk Pot + Tutup Kaca 16 cm;;;
ASAP- 16+ASSL-01BL;Ambrosia panci susu biru + soup ladle biru;;;
ASAP-16S;Ambrosia Panci Susu Milk Pot + Tutup + Steamer;;;
"ASAP- 16S+ASSL-
01PK";Ambrosia pink + Soup ladle pink;;;
ASAP-22;Ambrosia Panci Sop Casserole Tutup Kaca;;;
ASAP- 22+ASSL-01BL;ambrosia soup pan 22 + soup ladle biru;;;
ASBA-01;Bastra Baskom Parut Stainless Steel Baskom Serbaguna Multifungsi;;;
ASBM-03S;Baking Mat / Alas Panggangan Roti;;;?
ASBS-01;"Bakeware Loyang
/ Cetakan Kue Set 6 in 1 Anti Lengket";;;
ASBU-M01GY;New Bunda Mop ABU;;;?
ASBU-M01SC;New Bunda Mop Coklat;;;?
ASBU-M01TQ;New Bunda Mop Biru;;;?
ASBU-M02WH;Bunda Mop Ekonomis White - Asta;;;?
ASBU-MS1;Tongkat Pel Grey Mop Set + Kain Refill Mop;;;?
ASBU-WP35;"Floor Wiper 35 cm
- Asta";;;?
ASBU-WP50;"Floor Wiper 50 cm
- Asta";;;?
ASCB-01GR;Talenan Kayu Premium + Ulekan Talenan Kayu Inovasi Baru HIJAU;;;?
ASCB-01PK;Talenan Kayu Premium + Ulekan Talenan Kayu Inovasi Baru PINK;;;?
ASCB-01PR;Talenan Kayu Premium + Ulekan Talenan Kayu Inovasi Baru UNGU;;;?
ASCB-02;Wooden Chopping Board 02 - Asta;;;?
ASCM-11;Corong Stainless 11 cm - Asta;;;
ASCM-15;Corong Stainless 15 cm - Asta;;;
ASCR-01;Panggangan & Tirisan Minyak Crisper Square;;;
ASCR-02;Panggangan & Tirisan Minyak Crisper Round;;;
ASCR-03;Panggangan & Tirisan Minyak Crisper Black Noir;;;
ASCS-03;Sendok Stainless Satuan - Asta;;;
ASCS-0304;Sendok Stainless isi 4 - Asta;;;
ASCS-04;Garpu Stainless Satuan - Asta;;;
ASCS-0404;Garpu Stainless isi 4 - Asta;;;
ASCW-01;Wajan Penggorengan Stainless Steel Chef Wok 32 Cm;;;
ASCW-02;Wajan Penggorengan Stainless Steel Chef Wok 36 Cm;;;
ASCW-03;Wajan Penggorengan Stainless Steel Chef Wok 40 Cm;;;
ASCW-30;Wajan Penggorengan Stainless Steel Chef Wok 30 cm;;;
ASFB-00SET;"Fresh Box Seal Set (700,1000,1500,19
00)";;;
ASFB-01;"Kotak Penyimpanan Food Container 304 Food Grade Stainless Steel
350 ml";;;
ASFB-02;"Kotak Penyimpanan Food Container 304 Food Grade Stainless Steel
550 ml";;;
ASFB-03;"Kotak Penyimpanan Food Container 304 Food Grade Stainless Steel
850 ml";;;
ASFB-04;"Kotak Penyimpanan Food Container 304 Stainless Steel + Tombol
Kedap 700 ml";;;
ASFB-05;"Kotak Penyimpanan Food Container 304 Stainless Steel + Tombol
Kedap 1000 ml";;;
ASFB-06;"Kotak Penyimpanan Food Container 304 Stainless Steel + Tombol
Kedap 1500 ml";;;
ASFB-07;"Kotak Penyimpanan Food Container 304 Stainless Steel + Tombol
Kedap 1900 ml";;;
ASFB-08;;;;
ASFC-01;Rantang Stainless Steel Tunggal 14 cm Rantang Bakso Soto;;;
ASFC-02;Rantang Stainless Steel Tunggal 16cm Rantang Bakso Soto;;;
ASFF-01GF;Food Warmer Square dengan Prasmanan  Wadah Prasmanan;;;
ASFF-03RF;Food Warmer Round dengan Pemasnan;;;
ASFF-04RF;Food Warmer Round dengan Pemanas dan Frame;;;
ASFF-05R;Food Warmer Penghangat Makanan Bulat - Asta;;;
ASFF-05S;Food Warmer Penghangat Makanan Persegi - Asta;;;
ASFM-02BG;Cutlery Set Beige Wheatstraw;;;?
ASFM-02BL;Cutlery Set Blue Wheatstraw;;;?
ASFM-02GR;Cutlery Set Green Wheatstraw;;;?
ASFM-02PK;Cutlery Set Pink Wheatstraw;;;?
ASFMD-01KS;Keset Kaki / Floor Mat Diatomite 3D Kotak 40x60 Motif 01;;;?
ASFMD-01VS;Keset Kaki / Floor Mat Diatomite 3D Oval 40x60 Motif 01;;;?
ASFMD-02KS;Keset Kaki / Floor Mat Diatomite 3D Kotak 40x60 Motif 02;;;?
ASFMD-02VS;Keset Kaki / Floor Mat Diatomite 3D Oval 40x60 Motif 02;;;?
ASFMD-03KB;Keset Kaki / Floor Mat Diatomite 3D Oval 50x80 Motif 03;;;?
ASFMD-03KS;Keset Kaki / Floor Mat Diatomite 3D Oval 40x60 Motif 03;;;?
ASFMD-04KB;Keset Kaki / Floor Mat Diatomite 3D Kotak 50x80 Motif 04;;;?
ASFMD-04KS;Keset Kaki / Floor Mat Diatomite 3D Kotak 40x60 Motif 04;;;?
ASFMD-05KB;Keset Kaki / Floor Mat Diatomite 3D Kotak 50x80 Motif 05;;;?
ASFMD-05KS;Keset Kaki / Floor Mat Diatomite 3D Kotak 40x60 Motif 05;;;?
ASFMD-06VB;Keset Kaki / Floor Mat Diatomite 3D Oval 50x80Motif 06;;;?
ASFMD-06VS;Keset Kaki / Floor Mat Diatomite 3D Oval 40x60 Motif 06;;;?
ASFMD-07VB;Keset Kaki / Floor Mat Diatomite 3D Oval 50x80 Motif 07;;;?
ASFMD-07VS;Keset Kaki / Floor Mat Diatomite 3D Oval 40x60 Motif 07;;;?
ASFMD-08VB;Keset Kaki / Floor Mat Diatomite 3D Oval 50x80 Motif 08;;;?
ASFMD-08VS;Keset Kaki / Floor Mat Diatomite 3D Oval 40x60 Motif 08;;;?
ASFMP-09KB;Keset Kaki / Floor Mat PVC Kotak 50x80 Motif 09;;;?
ASFMP-09KS;Keset Kaki / Floor Mat PVC Kotak 40x60 Motif 09;;;?
ASFMP-10KB;Keset Kaki / Floor Mat PVC Kotak 50x80 Motif 10;;;?
ASFMP-10KS;Keset Kaki / Floor Mat PVC Kotak 40x60 Motif 10;;;?
ASFMP-11KB;Keset Kaki / Floor Mat PVC Kotak 50x80 Motif 11;;;?
ASFMP-11KS;Keset Kaki / Floor Mat PVC Kotak 40x60 Motif 11;;;?
ASFMP-12KB;Keset Kaki / Floor Mat PVC Kotak 50x80 Motif 12;;;?
ASFMP-12KS;Keset Kaki / Floor Mat PVC Kotak 40x60 Motif 12;;;?
ASFMP-13KS;Keset Kaki / Floor Mat PVC Kotak 40x60 Motif 13;;;?
ASFMP-14KS;Keset Kaki / Floor Mat PVC Kotak 40x60 Motif 14;;;?
ASFMP-15KS;Keset Kaki / Floor Mat PVC Kotak 40x60 Motif 15;;;?
ASFMP-16KS;Keset Kaki / Floor Mat PVC Kotak 40x60 Motif 16;;;?
ASFMR-17KS;Keset Kaki / Floor Mat Polyester Rubber Kotak 40x60 Motif 17;;;?
ASFMR-18KS;Keset Kaki / Floor Mat Polyester Rubber Kotak 40x60 Motif 18;;;?
ASFMR-19KS;Keset Kaki / Floor Mat Polyester Rubber Kotak 40x60 Motif 19;;;?
ASFO-01;Steak Tong - Asta;;;
ASFO-02;Food Tong Stainless 23 cm - Asta;;;
ASFO-02A;Food Tong Stainless 29 cm - Asta;;;
ASFO-03;Food Tong 18 cm Kecil - Asta;;;
ASFO-04;Food Tong Teppan Stainless 26 cm - Asta;;;
ASFO-05;Food Tong 23 cm - Asta;;;
ASFO-06;Food Tong Silicone 23 cm - Asta;;;
ASFO-06A;Food Tong Silicone 30 cm - Asta;;;
ASGD-612BK;Glass Dispenser / Dispenser Kaca 1,2 Ltr;;;?
ASGD-612BL;Glass Dispenser / Dispenser Kaca 1,2 Ltr;;;?
ASGD-612GR;Glass Dispenser / Dispenser Kaca 1,2 Ltr;;;?
ASGD-612GY;Glass Dispenser / Dispenser Kaca 1,2 Ltr;;;?
ASGD-612PR;Glass Dispenser / Dispenser Kaca 1,2 Ltr;;;?
ASGD-612RD;Glass Dispenser / Dispenser Kaca 1,2 Ltr;;;?
ASGD-612WH;Glass Dispenser / Dispenser Kaca 1,2 Ltr;;;?
ASGD-612YL;Glass Dispenser / Dispenser Kaca 1,2 Ltr;;;?
ASGD-620BK;Glass Dispenser / Dispenser Kaca 2 Ltr;;;?
ASGD-620BL;Glass Dispenser / Dispenser Kaca 2 Ltr;;;?
ASGD-620GR;Glass Dispenser / Dispenser Kaca 2 Ltr;;;?
ASGD-620GY;Glass Dispenser / Dispenser Kaca 2 Ltr;;;?
ASGD-620PR;Glass Dispenser / Dispenser Kaca 2 Ltr;;;?
ASGD-620RD;Glass Dispenser / Dispenser Kaca 2 Ltr;;;?
ASGD-620WH;Glass Dispenser / Dispenser Kaca 2 Ltr;;;?
ASGD-620YL;Glass Dispenser / Dispenser Kaca 2 Ltr;;;?
ASGD-639BK;Glass Dispenser / Dispenser Kaca 3,9 Ltr;;;?
ASGD-639BL;Glass Dispenser / Dispenser Kaca 3,9 Ltr;;;?
ASGD-639GR;Glass Dispenser / Dispenser Kaca 3,9 Ltr;;;?
ASGD-639GY;Glass Dispenser / Dispenser Kaca 3,9 Ltr;;;?
ASGD-639PR;Glass Dispenser / Dispenser Kaca 3,9 Ltr;;;?
ASGD-639RD;Glass Dispenser / Dispenser Kaca 3,9 Ltr;;;?
ASGD-639WH;Glass Dispenser / Dispenser Kaca 3,9 Ltr;;;?
ASGD-639YL;Glass Dispenser / Dispenser Kaca 3,9 Ltr;;;?
ASIC-01;Es Batu Ice Cube Food Grade Quality Kuda Unicorn;;;?
ASIC-02;Es Batu Ice Cube Food Grade Quality Hati;;;?
ASIS-01;"Sendok Scoop Ice Cream Stainless
- Asta";;;
ASJS-01;"Sutil Kayu Jumbo
/ Spatula Kayu";;;
ASKK-01;Pisau daging 01;;;
ASKK-02;Pisau daging 02;;;
ASKK-03;Pisau daging 03;;;
ASKP-01;Panggangan / Grill Pan / Koki Pan Square 01;;;
ASKP-02;Panggangan / Grill Pan / Koki Pan Oishi 02;;;
ASKP-03;Panggangan / Grill Pan / Koki Pan Round 03;;;
ASKS-01OR;Pisau Set Orange;;;?
ASKS-01PR;Pisau Set Purple;;;?
ASLB-01-3B;Lunch Box 01 3 Compartments Blue - Asta;;;
ASLB-01-3P;Lunch Box 01 3 Compartments Pink - Asta;;;
ASLB-01-3R;Lunch Box 01 3 Compartments Red - Asta;;;
ASLB-01-3T;Lunch Box 01 3 Compartments Turquoise- Asta;;;
ASLB-01-4B;Lunch Box 01 4 Compartments Blue - Asta;;;
ASLB-01- 4B+ALBG-01;Lunch Box 01 4 sekat blue + lunch bag;;;
ASLB-01-4BK;Lunch Box 01 4 Compartments Black - Asta;;;
ASLB-01- 4BK+ALBG-01;Lunch Box 01 4 sekat black + lunch bag;;;
ASLB-01-4P;Lunch Box 01 4 Compartments Pink - Asta;;;
ASLB-01- 4P+ALBG-01;Lunch Box 01 4 sekat pink + lunch bag;;;
ASLB-01-4R;Lunch Box 01 4 Compartments Red - Asta;;;
ASLB-01- 4R+ALBG-01;Lunch Box 01 4 sekat red + lunch bag;;;
ASLB-01-4T;Lunch Box 01 4 Compartments Turquoise - Asta;;;
ASLB-01- 4T+ALBG-01;Lunch Box 01 4 sekat turkis  + lunch bag;;;
ASLB-02-BL;Kotak Makan Stainless Steel Lunch Box Dengan Tempat Sup BIRU;;;
ASLB-02-GR;Kotak Makan Stainless Steel Lunch Box Dengan Tempat Sup HIJAU;;;
ASLB-02-PK;Kotak Makan Stainless Steel Lunch Box Dengan Tempat Sup PINK;;;
ASLB-03-BL;Kotak Makan Stainless Steel Kotak Bekal Anti Tumpah BIRU;;;
ASLB-03-GR;Kotak Makan Stainless Steel Kotak Bekal Anti Tumpah GREEN;;;
ASLB-03-PK;Kotak Makan Stainless Steel Kotak Bekal Anti Tumpah PINK;;;
ASLB-04BROWN;Kotak Makan Stainless Steel Lunch Box 1 layer 2 sekat BROWN;;;
ASLB-04CREAM;Kotak Makan Stainless Steel Lunch Box 1 layer 2 sekat CREAM;;;
ASLB-05BROWN;Kotak Makan Stainless Steel Lunch Box 2 layer 2 sekat BROWN;;;
ASLB-05CREAM;Kotak Makan Stainless Steel Lunch Box 2 layer 2 sekat CREAM;;;
ASLL-01;Gayung Stainless Panjang 12 cm - Asta;;;
ASLL-02;Gayung Stainless Panjang 14cm - Asta;;;
ASLL-03;Gayung Stainless Panjang 18 cm - Asta;;;
ASLP-01;akan Anak Stainless Steel Kids Food;;;
ASLP-02;akan Anak Stainless Steel Kids Food;;;
ASLP-03;akan Anak Stainless Steel Kids Food;;;
ASLP-04P;tainless Steel Dengan Tutup Plastik;;;
ASLP-04S;inless Steel Dengan Tutup Stainless;;;
ASLP-05P;tainless Steel Dengan Tutup Plastik;;;
ASLP-05S;less Steel Dengan Tutup Stainless S;;;
ASLP-06;n Anak Stainless Steel Kids Food Tr;;;
ASMB-18;Baskom Mangkok Stainless Steel Mixing Bowl Tebal Food Grade 18 cm;;;
ASMB-18-24cm;Baskom Set 18-24 cm;;;
ASMB-20;Baskom Mangkok Stainless Steel Mixing Bowl Tebal Food Grade 20 cm;;;
ASMB-22;Baskom Mangkok Stainless Steel Mixing Bowl Tebal Food Grade 22 cm;;;
ASMB-24;Baskom Mangkok Stainless Steel Mixing Bowl Tebal Food Grade 24 cm;;;
ASMB-28;Baskom Mangkok Stainless Steel Mixing Bowl Tebal Food Grade 28 cm;;;
ASMB-30;Baskom Mangkok Stainless Steel Mixing Bowl Tebal Food Grade 30 cm;;;
ASMB-30-40cm;Baskom Set 30-40;;;
ASMB-34;Baskom Mangkok Stainless Steel Mixing Bowl Tebal Food Grade 34 cm;;;
ASMB-36;Baskom Mangkok Stainless Steel Mixing Bowl Tebal Food Grade 36 cm;;;
ASMB-40;Baskom Mangkok Stainless Steel Mixing Bowl Tebal Food Grade 40 cm;;;
ASMJ-100;Milk Jug Stainless 1000 ml - Asta;;;
ASMJ-35;Milk Jug Stainless 350 ml - Asta;;;
ASMJ-60;Milk Jug Stainless 600 ml - Asta;;;
ASMM-12;Saringan Mie Stainless 12 cm - Asta;;;
ASMM-14;Saringan Mie Stainless 14 cm - Asta;;;
ASMM-18;Saringan Mie Stainless 18 cm - Asta;;;
ASMP-01;Mini Pots / Mini Stock Pots Panci Sop;;;
ASMU-01;Gilingan Serbaguna Multiuse Mincer;;;
ASNP-01;Noodle Pot Panci Susu / Panci Rebus / Milk Pot 18 cm;;;
ASNP-02;Noodle pot Panci Susu / Panci Rebus / Milk Pot 20 cm;;;
ASOC-01;Pelindung Percikan Minyak Oil Spatter 01;;;
ASOC-02;Pelindung Percikan Minyak Oil Spatter 02;;;
ASOC-03;Pelindung Percikan Minyak Oil Spatter 03;;;
ASOC-04;Pelindung Percikan Minyak Oil Spatter 04;;;
ASOW-01;Wajan Penggorengan Stainless Steel Oriental Wok 32 Cm;;;
ASOW-01+ASSA- 03B;oriental wok 32 + ASSA 03 B;;;
ASOW-02;Wajan Penggorengan Stainless Steel Oriental Wok 36 Cm;;;
ASOW-02+ASSA- 03B;oriental wok 36 + ASSA 03 B;;;
ASOW-03;Wajan Penggorengan Stainless Steel Oriental Wok 40 Cm;;;
ASOW-03+ASSA- 03B;oriental wok 40 + ASSA 03 B;;;
ASOW-05;Wajan Penggorengan Stainless Steel Oriental Wok 50 Cm;;;
ASOW-05+ASSA- 03B;oriental wok 50 + ASSA 03 B;;;
ASOW-06;Wajan Penggorengan Stainless Steel Oriental Wok 60 Cm;;;
ASOW-06+ASSA- 03B;oriental wok 60 + ASSA 03 B;;;
ASOW-26;ggorengan Stainless Steel Oriental;;;
ASOW-28;Wajan Penggorengan Stainless Steel Oriental Wok 28 cm;;;
ASOW-28+ASSA- 03B;oriental wok 28 + ASSA 03 B;;;
ASOW-30;Wajan Penggorengan Stainless Steel Oriental Wok 30 cm;;;
ASOW-30+ASSA- 03B;oriental wok 30 + ASSA 03 B;;;
ASPM-115AM;Gilingan Mie / Pasta Maker Ampia;;;?
ASPM-115RD;Gilingan Mie / Pasta Maker Red;;;?
ASPM-115SS;Gilingan Mie / Pasta Maker Stainless;;;?
ASPM-150;Gilingan Mie / Pasta Maker Jumbo;;;?
ASPS-01;Panci Set Marbello Panci Set Lengkap Anti Lengket;;;
ASPS01+CARD;Marbello Cookware Set + CARD - Asta;;;
ASPS-01B;Marbello Cookware Set Beige - Asta;;;
ASPS01B+CARD;Marbello Cookware Set Beige + CARD - Asta;;;
ASPS-02;Panci Set Lemona Panci Set Lengkap Anti Lengket;;;
ASPS02+CARD;Lemona Cookware Set + CARD - Asta;;;
ASPS-05;Panci Set Tokyo;;;
ASPS-05+CARD;7 pcs Tokyo Stainless Steel Cookware Set + CARD - Asta;;;
ASPS-07PK;Panci Set Valentina Panci Set Lengkap Anti Lengket PINK;;;
ASPS07PK+CARD;Valentina 3 pcs Cookware Set Pink + CARD - Asta;;;
ASPS-07PR;Panci Set Valentina Panci Set Lengkap Anti Lengket Purple;;;
ASPS07PR+CARD;Valentina 3 pcs Cookware Set Purple + CARD - Asta;;;
ASPS-08;Panci Set Cappucino Panci Set Lengkap Anti Lengket;;;
ASPS-09;Panci Set New Kiwiz Panci Set Lengkap Anti Lengket;;;
ASPS09+CARD;"New Kiwiz 7 Pieces Cookware Set
+ CARD - Asta";;;
ASPS-10;Panci Set Marbello Rosie Panci Set Lengkap Anti Lengket;;;
ASPS10+CARD;"Marbello Rosie 4 pcs Cookware Set
+ CARD - Asta";;;
ASPS-11;Panci Set Marbello Fiesta Panci Set Lengkap Anti Lengket;;;
ASPS-12;Panci Set Valentina Milan Panci Set Lengkap Anti Lengket;;;
ASPS12+CARD;"Valentina Milan 7 pcs Cookware Set
+ CARD  - Asta";;;
ASPS-15;Panci Set Lemona 100 Panci Set Lengkap Anti Lengket;;;
ASPS15+CARD;"Lemona 100"" 5 pcs Cookware Set
+CARD - Asta";;;
ASPS-16;Panci Set Tempura Panci Set Lengkap Anti Lengket;;;
ASPU-01;Spons Mandi / Shower Puff;;;?
ASRB-01;Rak Kayu / Rak Bumbu Dapur Dari Kayu;;;
ASSA-01A;"Spatula Sutil sodet Stainless
Steel Motif Marble";;;
ASSA-01B;Spatula Sutil sodet kipas Stainless Steel Motif Marble;;;
ASSA-01C;Sendok irus soup ladle Stainless Steel Motif Marble;;;
ASSA-01D;Sendok Irus Skimmer Stainless Steel Motif Marble;;;
ASSA-02A;Spatula Sutil sodet Stainless Steel Motif Hitam;;;
ASSA-02B;Spatula Sutil sodet kipas Stainless Steel Motif Hitam;;;
ASSA-02C;Sendok irus soup ladle Stainless Steel Motif Hitam;;;
ASSA-02D;Sendok Irus Skimmer Stainless Steel Motif Hitam;;;
ASSA-03A;Spatula Sutil sodet Stainless Steel Motif Coklat;;;
ASSA-03B;Spatula Sutil sodet kipas Stainless Steel Motif Coklat;;;
ASSA-03C;Sendok irus soup ladle Stainless Steel Motif Coklat;;;
ASSA-03D;Sendok Irus Skimmer Stainless Steel Motif Coklat;;;
ASSA-04A;Solid Turner Wooden Handle - Asta;;;
ASSA-04C;Soup Laddle Wooden Handle - Asta;;;
ASSA-05L;Teppan Spatula Lebar L - Asta;;;
ASSA-05M;Teppan Spatula Lebar M - Asta;;;
ASSA-06L;Teppan Spatula Panjang L - Asta;;;
ASSA-06M;Teppan Spatula Panjang M - Asta;;;
ASSA-07;Cake Scrapper - Asta;;;
ASSB-06BL;Toples Snack Cantik La Bella Toples Plastik Tebal BLUE;;;?
ASSB-06PK;Toples Snack Cantik La Bella Toples Plastik Tebal PINK;;;?
ASSC-14;Saos Stainless Steel Sauce Contain;;;
ASSC-16;Saos Stainless Steel Sauce Contain;;;
ASSC-18;Saos Stainless Steel Sauce Contain;;;
ASSL-01BL;Silicone Soup Ladle - Blue - Asta;;;?
ASSL-01PK;Silicone Soup Ladle - Pink - Asta;;;?
ASSP-01;Stock Pot Steamer 01 Panci Sop Besar;;;
ASSP-02;Stock Pot 02;;;
ASSP-03;Stock Pot European Style 03 Panci Sop Besar;;;
ASSP-04;Steamer Pot 2 Susun - Asta;;;
ASSR-304;Kukusan Steamer Stainless Steel 304;;;
ASSS-01BL;Spatula Silicone Set BLUE;;;?
ASSS-01PK;Spatula Silicone Set PINK;;;?
ASTS-01BL;Silicone Turner Spatula - Blue - Asta;;;?
ASTS-01PK;Silicone Turner Spatula - Pink - Asta;;;?
ASTW-01;Timer Watch - Asta;;;?
ASWA-01;Spons Cuci Piring Kuning 1 pc;;;?
ASWA-016PCS;Spons Cuci Piring Kuning 6 pcs;;;?
ASWA-02;Spons Cuci Piring Abu-Abu;;;?
ASWA-026PCS;Pisau daging 026PCS;;;?
ASWA-036pcs;Spons Cuci Stock Pot 6 pcs;;;?
ASWK-01;Teko / Ketel / Ceret Air Food Grade Valentina Whistling Kettle;;;
ASWK-02BL;Teko / Ketel / Ceret Air Food Grade Valentina Whistling Kettle Handle Kayu BIRU;;;
ASWK-02PK;Teko / Ketel / Ceret Air Food Grade Valentina Whistling Kettle Handle Kayu PINK;;;
ASWK-02PR;"Teko / Ketel / Ceret Air Food Grade Valentina Whistling Kettle Handle Kayu
UNGU";;;
ASWK-03BM;"Teko / Ketel / Ceret Air Food Grade Valentina Whistling Kettle Marble Handle
Kayu BLACK";;;
ASWK- 03BM+CARD;Whistling Kettle - 03 (3L) - Black Marble + CARD - Asta;;;
ASWK-03CM;"Teko / Ketel / Ceret Air Food Grade Valentina Whistling Kettle Marble Handle
Kayu CREAM";;;
ASWK- 03CM+CARD;Whistling Kettle - 03 (3L) - Beige Marble + CARD - Asta;;;
ASWK-04;el / Ceret Air Food Grade Full Stain;;;
ASWS-01;Sutil Kayu Set Warna Spatula Kayu Set;;;?
ASWS-02;Sutil Kayu / Spatula Kayu / Turner;;;?
ASWS-03;"Sendok Sop Kayu
/ Centong Kayu";;;?
ASWS-04;Spatula / Sutil Sode Kayu / Spatula kayu;;;?
ATCA-01;Panci Casserole Premium Tognana Casserole 24 cm;;;
ATCA- 01+ASSL-01BL;Tognana casserole + soup ladle silikon blue;;;
ATCA- 01+ASSL-01PK;Tognana casserole + soup ladle silikon pink;;;
ATCA-01+CARD;Tognana Casserole Set Hadiah;;;
ATFP-01;Panci Penggorengan Premium Tognana Fry Pan 20 cm;;;
ATFP-01+ATFP- 02;Premium Tognana Fry Pan 20 + 24 cm - Asta;;;
ATFP-02;Panci Penggorengan Premium Tognana Fry Pan 24 cm;;;
ATSP-01;Panci Susu Milk Pan Premium Tognana Sauce Pan 18 cm;;;
ATST4-Tognana;Premium Tognana Set 4 (Fry Pan 20 - Fry Pan 24 - Wok - Casserole);;;
ATWO-01;Panci Wok Premium + Tutup Kaca Tognana Wok 28 cm;;;
ATWO- 01+ASTS-01BL;Tognana wok + soup ladle silikon blue;;;
ATWO- 01+ASTS-01PK;Tognana wok + soup ladle silikon pink;;;
ATWO-01+CARD;Tognana Wok Set Hadiah;;;
BB-ASBSLB;Bakeware Loyang Bulat - Asta;;;
BB-ASBSLP;Bakeware Loyang Persegi - Asta;;;
BB-ASBSMS;Bakeware - Measuring Spoon - Asta;;;?
BB-ASBSSP;Bakeware - Spatula - Asta;;;?
BB-ASBUM01CH;Refill Spin Mop Bulat;;;?
BB- ASFM01GL4PCS;Gelas Familia 4 pcs (Set) 4 Warna;;;?
BB-ASFM01GLBG;Gelas Beige Wheatstraw;;;?
BB-ASFM01GLBL;Gelas Blue Wheatstraw;;;?
BB-ASFM01GLGR;Gelas Green Wheatstraw;;;?
BB-ASFM01GLPK;Gelas Pink Wheatstraw;;;?
BB- ASFM01MK4PCS;Mangkok Familia 4 pcs (Set) 4 Warna;;;?
BB- ASFM01MKBG;Mangkok Beige Wheatstraw;;;?
BB- ASFM01MKBL;Mangkok Blue Wheatstraw;;;?
BB- ASFM01MKGR;Mangkok Green Wheatstraw;;;?
BB- ASFM01MKPK;Mangkok Pink Wheatstraw;;;?
BB- ASFM01PR4PCS;Piring Famlia 4 pcs (Set) 4 Warna;;;?
BB-ASFM01PRBG;Piring Beige Wheatstraw;;;?
BB-ASFM01PRBL;Piring Blue Wheatstraw;;;?
BB-ASFM01PRGR;Piring Green Wheatstraw;;;?
BB-ASFM01PRPK;Piring Pink Wheatstraw;;;?
BB-ASPMBM;Botol Minyak - Asta;;;?
BB-ASPMES;Pemisah Telur Plastik / Egg Seperator;;;?
BB-ASPS02MP17;Lemona Milk Pan 17 cm;;;
BB-ASPS02SL;Soup Ladle Nylon Black;;;?
BB-ASPS02SP23;"Lemona Soup Pan
+ Tutup 23 cm";;;
BB-ASPS02ST;Spatula Nylon Black;;;?
B-ASPS02WP32;Lemona Wok Pan 32 cm;;;
B-ASPS07WKPK;DEFFECT Wok Pan Valentina;;;
BB-ASPS09CB;Talenan Kiwiz;;;?
BB-ASPS10WS;Talenan Rosie;;;?
BB-ASPS12WP;Valentina Wok Pan 32 cm;;;
BB-ASSP01PC23;Stock Pot Steamer Set 23 cm;;;
BB- ASSP01PC23OF;Stock Pot Steamer Set 23 cm defect;;;
BB-ASSP01PC25;Stock Pot Steamer Set 25 cm;;;
BB- ASSP01PC25OF;Stock Pot Steamer Set 25 cm defect;;;
BB-ASSP01PC28;Stock Pot Steamer Set 28 cm;;;
BB- ASSP01PC28OF;Stock Pot Steamer Set 28 cm defect;;;
BB-ASSP01PC30;Stock Pot Steamer Set 30 cm;;;
BB- ASSP01PC30OF;Stock Pot Steamer Set 30 cm defect;;;
BB-KSK;Brush coklat;;;?
BB-PMCT;Cutter Adonan;;;?
BB-PMKS;Brush White;;;?
BB-ROCB01;hopping Board Wheat Straw Green;;;?
DLHAMPERS;Delight Hampers;;;
EVHAMPERS;Eve Hampers;;;
FSHAMPERS;Festive Hampers;;;
FTHAMPERS;Bakeware + Pondan GF-PDSP;;;
GF-BBBM;Bumbu Bamboe - Free Gift;;;
GF-OREO;Oreo - Free Gift;;;
GF-STS;Set Stationary;;;
GF-TJJP;Teh Jawa Tubruk Premium (FREE);;;
GF-TT-HORB;"Tong Tji ""Harum Original Tea""";;;
GF-TT-JPB;"Tong Tji ""Jeruk Purut Box""";;;
GF-TT-JTB;"Tong Tji ""Jasmine tea Box""";;;
GF-TT-LMB;"Tong Tji ""Lemon Box""";;;
GF-TT-ORB;"Tong Tji ""Original Tea Box""";;;
JYHAMPERS;Joyful hampers;;;
KR20HAMPERS;Tognana Fry Pan 20 cm + ASFO-06;;;
KR24HAMPERS;Tognana Fry Pan 24 cm + ASFO-06;;;
LBHAMPERS;ASSB-06PK + ASFM-02BG;;;
MBHAMPERS;ASWK-04 + ROSM- 08 + COOKIES;;;
MRHAMPERS;Merry Hampers;;;
NLHAMPERS;Noel Hampers;;;
RDP-105A-1;"10,5"" Dinner Plate
/ Piring Ceper lis emas isi 1";;;
RDP-105A-6;"10,5"" Dinner Plate
/ Piring Ceper lis emas isi 6";;;
RDP-105B-1;"10,5"" Dinner Plate
/ Piring Ceper mahkota isi 1";;;
RDP-105B-6;"10,5"" Dinner Plate
/ Piring Ceper mahkota isi 6";;;
RDP-105C-1;"10,5"" Dinner Plate
/ Piring Ceper rose red isi 1";;;
RDP-105C-6;"10,5"" Dinner Plate
/ Piring Ceper rose red isi 6";;;
RMHAMPERS;ATCA-01 + ASSL- 01BL + COOKIES;;;
ROBB-50;Baskom Jumbo Stainless Steel 50 cm;;;
ROBB-60;Baskom Jumbo Stainless Steel 60 cm;;;
ROBB-70;Baskom Jumbo Stainless Steel 70 cm;;;
ROCB-01BG;Sikat Baju Beige;;;?
ROCB-01GR;Sikat Baju green;;;?
ROCB-01PK;SIkat Baju Pink;;;?
ROCB-02BL;Sikat Lantai Pembersih 02 Blue;;;?
ROCB-02GR;Sikat Lantai Pembersih 02 Green;;;?
ROCB-02PK;Sikat Lantai Pembersih 02 Pink;;;?
ROCM-01A;Capit Makanan ( Food Tong ) 24 cm;;;?
ROCM-01B;Capit Makanan ( Food Tong ) 28 cm;;;
ROCP-01GR;Classic Pot Green - Royalton;;;
ROCP01GR+CAR D;"Classic Pot Green
+ Card - Royalton";;;
ROCP-01RD;Classic Pot Red - Royalton;;;
ROCP01RD+CAR D;Classic Pot Red + Card - Royalton;;;
ROCP01- SETGR16CM;Classic Pot 16 cm Set Green;;;
ROCP01- SETGR18CM;Classic Pot 18 cm Set Green;;;
ROCP01- SETGR20CM;Classic Pot 20 cm Set Green;;;
ROCP01- SETGR22CM;Classic Pot 22 cm Set Green;;;
ROCP01- SETRD16CM;Classic Pot 16 cm Set Red;;;
ROCP01- SETRD18CM;Classic Pot 18 cm Set Red;;;
ROCP01- SETRD20CM;Classic Pot 20 cm Set Red;;;
ROCP01- SETRD22CM;Classic Pot 22 cm Set Red;;;
ROCP01- SETYL16CM;Classic Pot 16 cm Set Yellow;;;
ROCP01- SETYL18CM;Classic Pot 18 cm Set Yellow;;;
ROCP01- SETYL20CM;Classic Pot 20 cm Set Yellow;;;
ROCP01- SETYL22CM;Classic Pot 22 cm Set Yellow;;;
ROCP-01YL;"Classic Pot Yellow
- Royalton";;;
ROCP01YL+CARD;"Classic Pot Yellow
+ Card - Royalton";;;
RODC-01;"Toples Cereal Storage Pet Feeder
1.5 kg";;;?
RODC-02;Toples Cereal Storage Pet Feeder 2 kg;;;?
RODC-02BL;Dry Food Container 2 Kg Blue - Royalton;;;?
RODC-02WH;Dry Food Container 2 Kg White - Royalton;;;?
RODL-01RD;D'lima Red;;;
RODL01RD+CAR D;D lima 5 Pcs Pot Set Red + CARD - Royalton;;;
RODL-01TQ;D'Lima Turquoise;;;
RODL01TQ+CAR D;D lima 5 Pcs Pot Set Turquoise + CARD - Royalton;;;
ROFF-01G;Wadah Saji Prasmanan;;;
ROFF-01G2SET;Fast Food Glass Set (2) - Royalton;;;
ROFL-051;"Senter kepala 50
Watt 051 ( 2 baterai )";;;?
ROFL-052;"Senter Kepala 50
Watt 052 ( 2 baterai )";;;?
ROFO-01;Garpu Makan 12 pcs;;;
ROFO-0124;Garpu Makan 24 pcs;;;
ROFT-A30;Baki / Nampan Persegi Motif Bunga 30 cm;;;
ROFT-B35;Baki / Nampan Bentuk Ikan 35 cm;;;
ROFT-C40;Baki / Nampan Oval Motif 40 cm;;;
ROFT-C50;Baki / Nampan Oval Motif 50 cm;;;
ROFT-D30;Baki / Nampan Segi 6 30 cm;;;
ROHL-031;Senter Kepala 30 Watt;;;?
ROKE-01;Keset Kaki Mutiara Super;;;?
ROKE-013PCS;"Keset Kaki Mutiara Super isi
3pcs";;;?
ROKE-02;Keset Kaki Jerami Super;;;?
ROKE-03;Keset Malaysia 1 pcs;;;?
ROKK-01;"tchen Knife & Cover Green -
Royalt";;;?
ROKS-01;Kitchen Scissors Black;;;?
RONS-01;Nylon Spatula Green - Royalton;;;?
ROOP-01;Oil Pot Saringan Minyak 1.3 L;;;
ROOP-02;Oil Pot Saringan Minyak 1.8 L;;;
ROOP-03;Oil Pot Saringan Minyak 1.3 L + tatakan;;;
ROOP-05;Oil Pot Saringan Minyak 1.8 L + tatakan;;;
ROOS-01;Oil Strainer / Saringan Minyak 18 cm;;;
ROOS-02;Oil Strainer / Saringan Minyak 22 cm;;;
ROOS-03;Oil Strainer / Saringan Minyak 24 cm;;;
ROOS-05;Oil Strainer / Saringan Minyak 28 cm;;;
ROOS-05A;Oil Strainer / Saringan Minyak 30 cm;;;
ROOS-06;Oil Strainer / Saringan Minyak 32 cm;;;
ROOS-07;Oil Strainer / Saringan Minyak 36 cm;;;
ROP-925A-1;"9,25"" Omega Plate / Piring Lontong lis emas isi 1";;;
ROP-925A-6;"9,25"" Omega Plate / Piring Lontong lis emas isi 6";;;
ROP-925B-1;"9,25"" Omega Plate / Piring Lontong mahkota isi 1";;;
ROP-925B-6;"9,25"" Omega Plate / Piring Lontong mahkota isi 6";;;
ROP-925C-1;"9,25"" Omega Plate / Piring Lontong rose red isi 1";;;
ROP-925C-6;"9,25"" Omega Plate / Piring Lontong rose red isi 6";;;
ROSB-01;Tas Belanja Shopping Bag;;;?
ROSI-01;Sapu Ijuk Super;;;?
ROSM-07;Gelas Mug Stainless Steel Mug 7 cm ( Tanpa Tutup );;;
ROSM-08;Gelas Mug Stainless Steel Mug 8 cm;;;
ROSM-09;Gelas Mug Stainless Steel Mug 9 cm;;;
ROSM-10;Gelas Mug Stainless Steel Mug 10 cm;;;
ROSM-11;Gelas Mug Stainless Steel Mug 11 cm;;;
ROSM-12;Gelas Mug Stainless Steel Mug 12 cm;;;
ROSP-01;Sendok Makan 12 pcs;;;
ROSP-0124;Sendok Makan 24 pcs;;;
ROST-01;Sapu Taman Super;;;?
ROTB-10BK;Milk Tea Bucket Water Jug 10 L - Black;;;
ROTB-10RD;Milk Tea Bucket Water Jug 10 L - Red;;;
ROTB-12BK;Milk Tea Bucket Water Jug 12 L - Black;;;
ROTB-12RD;Milk Tea Bucket Water Jug 12 L - Black;;;
RSB-07A-1;"7"" Salad Bowl / Mangkok 7 lis
emas isi 1";;;
RSB-07A-6;"7"" Salad Bowl / Mangkok 7 lis
emas isi 6";;;
RSB-07B-1;"7"" Salad Bowl / Mangkok 7
mahkota isi 1";;;
RSB-07B-6;"7"" Salad Bowl / Mangkok 7
mahkota isi 6";;;
RSB-07C-1;"7"" Salad Bowl / Mangkok 7 rose
red isi 1";;;
RSB-07C-6;"7"" Salad Bowl / Mangkok 7 rose
red isi 6";;;
RSP-09A-1;"9"" Soup Plate / Piring Makan 9 lis emas isi 1";;;
RSP-09A-6;"9"" Soup Plate / Piring Makan 9 lis emas isi 6";;;
RSP-09B-1;"9"" Soup Plate / Piring Makan 9
mahkota isi 1";;;
RSP-09B-6;"9"" Soup Plate / Piring Makan 9
mahkota isi 6";;;
RSP-09C-1;"9"" Soup Plate / Piring Makan 9 rose red isi 1";;;
RSP-09C-6;"9"" Soup Plate / Piring Makan 9 rose red isi 6";;;
SLHAMPERS;ROCP-01GR + ASFO-05;;;
SPHAMPERS;Spark Hampers;;;
TBFM-935- PP08A;Grande Purple;;;?
TBKD-935-YL08A;Grande Kid Yellow;;;?
;Tongkat Pel Soft Choco Mop Set + Kain Refill Mop;;;?
;Tongkat Pel Turquoise Mop Set + Kain Refill Mop;;;?
